time,regime_id,regime_name
2023-06-01,1,Break Monsoon
2023-06-02,2,Monsoon Depression / Low
2023-06-03,2,Monsoon Depression / Low
2023-06-04,3,Normal / Transitional
2023-06-05,2,Monsoon Depression / Low
2023-06-06,2,Monsoon Depression / Low
2023-06-07,2,Monsoon Depression / Low
2023-06-08,3,Normal / Transitional
2023-06-09,2,Monsoon Depression / Low
2023-06-10,0,Active Monsoon
2023-06-11,1,Break Monsoon
2023-06-12,3,Normal / Transitional
2023-06-13,1,Break Monsoon
2023-06-14,0,Active Monsoon
2023-06-15,1,Break Monsoon
2023-06-16,1,Break Monsoon
2023-06-17,1,Break Monsoon
2023-06-18,0,Active Monsoon
2023-06-19,1,Break Monsoon
2023-06-20,3,Normal / Transitional
2023-06-21,1,Break Monsoon
2023-06-22,2,Monsoon Depression / Low
2023-06-23,0,Active Monsoon
2023-06-24,1,Break Monsoon
2023-06-25,3,Normal / Transitional
2023-06-26,0,Active Monsoon
2023-06-27,0,Active Monsoon
2023-06-28,0,Active Monsoon
2023-06-29,0,Active Monsoon
2023-06-30,1,Break Monsoon
2023-07-01,1,Break Monsoon
2023-07-02,1,Break Monsoon
2023-07-03,3,Normal / Transitional
2023-07-04,0,Active Monsoon
2023-07-05,2,Monsoon Depression / Low
2023-07-06,2,Monsoon Depression / Low
2023-07-07,0,Active Monsoon
2023-07-08,0,Active Monsoon
2023-07-09,1,Break Monsoon
2023-07-10,0,Active Monsoon
2023-07-11,0,Active Monsoon
2023-07-12,2,Monsoon Depression / Low
2023-07-13,2,Monsoon Depression / Low
2023-07-14,1,Break Monsoon
2023-07-15,3,Normal / Transitional
2023-07-16,3,Normal / Transitional
2023-07-17,3,Normal / Transitional
2023-07-18,1,Break Monsoon
2023-07-19,2,Monsoon Depression / Low
2023-07-20,0,Active Monsoon
2023-07-21,3,Normal / Transitional
2023-07-22,1,Break Monsoon
2023-07-23,3,Normal / Transitional
2023-07-24,2,Monsoon Depression / Low
2023-07-25,1,Break Monsoon
2023-07-26,1,Break Monsoon
2023-07-27,3,Normal / Transitional
2023-07-28,0,Active Monsoon
2023-07-29,3,Normal / Transitional
2023-07-30,0,Active Monsoon
2023-07-31,1,Break Monsoon
2023-08-01,1,Break Monsoon
2023-08-02,0,Active Monsoon
2023-08-03,1,Break Monsoon
2023-08-04,0,Active Monsoon
2023-08-05,3,Normal / Transitional
2023-08-06,1,Break Monsoon
2023-08-07,1,Break Monsoon
2023-08-08,0,Active Monsoon
2023-08-09,1,Break Monsoon
2023-08-10,1,Break Monsoon
2023-08-11,0,Active Monsoon
2023-08-12,3,Normal / Transitional
2023-08-13,1,Break Monsoon
2023-08-14,1,Break Monsoon
2023-08-15,2,Monsoon Depression / Low
2023-08-16,2,Monsoon Depression / Low
2023-08-17,2,Monsoon Depression / Low
2023-08-18,0,Active Monsoon
2023-08-19,0,Active Monsoon
2023-08-20,2,Monsoon Depression / Low
2023-08-21,3,Normal / Transitional
2023-08-22,3,Normal / Transitional
2023-08-23,3,Normal / Transitional
2023-08-24,0,Active Monsoon
2023-08-25,1,Break Monsoon
2023-08-26,2,Monsoon Depression / Low
2023-08-27,2,Monsoon Depression / Low
2023-08-28,0,Active Monsoon
2023-08-29,1,Break Monsoon
2023-08-30,2,Monsoon Depression / Low
2023-08-31,0,Active Monsoon
2023-09-01,3,Normal / Transitional
2023-09-02,1,Break Monsoon
2023-09-03,0,Active Monsoon
2023-09-04,0,Active Monsoon
2023-09-05,3,Normal / Transitional
2023-09-06,0,Active Monsoon
2023-09-07,1,Break Monsoon
2023-09-08,1,Break Monsoon
2023-09-09,2,Monsoon Depression / Low
2023-09-10,2,Monsoon Depression / Low
2023-09-11,0,Active Monsoon
2023-09-12,3,Normal / Transitional
2023-09-13,2,Monsoon Depression / Low
2023-09-14,2,Monsoon Depression / Low
2023-09-15,3,Normal / Transitional
2023-09-16,0,Active Monsoon
2023-09-17,0,Active Monsoon
2023-09-18,2,Monsoon Depression / Low
2023-09-19,2,Monsoon Depression / Low
2023-09-20,1,Break Monsoon
2023-09-21,1,Break Monsoon
2023-09-22,2,Monsoon Depression / Low
2023-09-23,0,Active Monsoon
2023-09-24,3,Normal / Transitional
2023-09-25,1,Break Monsoon
2023-09-26,0,Active Monsoon
2023-09-27,1,Break Monsoon
2023-09-28,2,Monsoon Depression / Low
2023-09-29,3,Normal / Transitional
2023-09-30,3,Normal / Transitional
